id,unique_name,age,country
0,Richard Traviolia,35,United States
1,Ellwood Durban,60,Indonesia
2,Hakeem Lopes,30,Solomon Islands
3,Moe Stokes,49,Uganda
4,Kariotta Levensky,60,Poland
5,Sacha Mattusov,21,Vanuatu
6,Katine Benoix,51,Angola
7,Rodrique Kivelle,27,Canada
8,Deck Robrose,42,Hungary
9,Algernon Petruk,27,Guyana
10,Aveline Bariball,42,Morocco
11,Valentijn Eberst,40,Sudan
12,Royall Wilman,24,Vietnam
13,Penn Skitch,31,Croatia
14,Cristiano Colbert,52,Macedonia
15,Maegan Wise,60,Afghanistan
16,Danella Beadon,32,Somalia
17,Bobbye Fray,36,Canada
18,Bette-ann Penniell,25,Guam
19,Dorian Jurgenson,36,Micronesia
20,Christan Robertz,37,Philippines
21,Trina Crebo,30,Bhutan
22,Lari Orteau,44,Vanuatu
23,Forster Ryce,18,Costa Rica
24,Adham Brosenius,28,American Samoa
25,Kylen Malatalant,40,Myanmar
26,Cortie McCarrell,54,American Samoa
27,Mallory Cullinan,18,Afghanistan
28,Roger Andriss,29,Saint Lucia
29,Benedikt Maddy,57,Romania
30,Gareth Cleiment,31,Azerbaijan
31,Virgie MacNess,21,Namibia
32,Mabelle Henrie,25,Iraq
33,Christan Korpal,53,American Samoa
34,Cort Mullenger,42,Tuvalu
35,Arlena Vondra,18,Liechtenstein
36,Jany Rolfo,45,Paraguay
37,Clareta Lambrook,56,Burkina Faso
38,Brittaney Ghidoni,51,Turkey
39,Eydie Burnhams,36,Uruguay
40,Elicia Barbara,44,Georgia
41,Andrei Filson,39,Burkina Faso
42,Leia M'Quharg,60,South Africa
43,Mortie McFade,38,North Korea
44,Christos Cash,33,Panama
45,Carmine Lidster,28,Bangladesh
46,Sharleen Coppins,44,Malawi
47,Lothaire Scotts,28,Indonesia
48,Sarge Le Friec,37,Ireland
49,Sutherlan Vondra,46,Cameroon
50,Aveline Geck,37,Cyprus
51,Jase Brierley,41,Italy
52,Sabrina Hibling,60,Costa Rica
53,Thatcher Yukhnev,25,Denmark
54,Phil Blackwell,30,Tonga
55,Kylen Wetwood,45,Dominica
56,Garvin Kemmey,18,Brazil
57,Dene Macauley,35,Argentina
58,Amelie Rhys,34,Turkey
59,Jase Alcido,18,Cook Islands
60,Henderson Ondra,18,Haiti
61,Leonie Iglesiaz,20,United Arab Emirates
62,Zorine Leach,60,Mauritania
63,Andros Kineton,18,Aruba
64,Denny Safell,58,Angola
65,Nessi Shorland,30,Laos
66,Marshall Arnaut,40,Sudan
67,Goober Defries,23,Italy
68,Raimund Bagott,54,South Sudan
69,Venus Bartrap,20,Ecuador
70,Yoko Dyers,37,Australia
71,Ivar Gleave,43,Iceland
72,Fidelity Dyers,18,Republic of the Congo
73,Honey Petters,18,Jamaica
74,Marshall Tinline,51,Tunisia
75,Francisco Clemmens,34,Azerbaijan
76,Glenine Slott,18,Aruba
77,Patrizius Hannabus,31,Armenia
78,Jude Knappe,18,Burundi
79,Alan Fabri,24,Dominica
80,Abdel Stearne,22,Tajikistan
81,Jamal Bachelar,33,Mexico
82,Atlanta Kellard,38,Brunei
83,Kipper Lauderdale,37,Cuba
84,Beverlee Argue,37,Ivory Coast
85,Hayyim Steffans,26,Micronesia
86,Theresa Czaple,18,Venezuela
87,Ame Deniskevich,35,Niger
88,Shay Cadigan,48,Latvia
89,Raychel Robertz,18,Jamaica
90,Mohammed Blazi,60,Ukraine
91,Kellina Wise,34,Guinea
92,Tabatha Pargent,45,Russia
93,Kathleen Gilbody,31,Tanzania
94,Emili Ellwand,29,Malta
95,Elbertine Bearn,44,East Timor
96,Savina Gumby,39,Guam
97,Francisco Swalowe,50,Greece
98,Kandace Dresser,35,Canada
99,Sherrie Murley,36,Afghanistan
100,Jillie Thorlby,23,Liberia
101,Carmelia Leport,21,New Zealand
102,Ammamaria Maple,35,Slovenia
103,Catherin Leport,60,Angola
104,Dorrie O'Lehane,34,Somalia
105,Sheena Potkin,25,São Tomé and Príncipe
106,Abdel Heathfield,51,Sweden
107,Darcy Buntain,18,Swaziland
108,Rab Stote,31,Bermuda
109,Diarmid Davoren,44,Egypt
110,Algernon Wise,28,Chile
111,Bridget McKevany,23,Costa Rica
112,Abdel Hasson,34,Cambodia
113,Bobbye Cappel,19,Iraq
114,Yoko Wybron,56,Peru
115,Baillie Barefoot,35,Indonesia
116,Herman Fenge,32,Brunei
117,Glendon Beresford,54,Belarus
118,Gannie Maddy,47,Guatemala
119,Amelie Rustidge,40,Hong Kong
120,Patricia Conaboy,31,Antigua and Barbuda
121,Dominick Overthrow,60,Gambia
122,Leone Gibbetts,26,Croatia
123,Bertrando Tows,38,Switzerland
124,Mommy Whittlesea,18,Sri Lanka
125,Bari Cussons,36,Central African Republic
126,Roarke Kohlerman,43,South Sudan
127,Cristiano Dowty,18,Cyprus
128,Marley Peirone,27,Gambia
129,Costa Peeke-Vout,30,Barbados
130,Terence Suttie,23,Tonga
131,Therese MacSwayde,18,Rwanda
132,Sallyann Doig,55,Maldives
133,Truman Crosier,49,Angola
134,Blanch Norree,21,Guinea
135,Elayne Malatalant,51,Netherlands
136,Blondell Kivelle,42,Iraq
137,Jorry Antonopoulos,53,Solomon Islands
138,Ina Obert,36,Kiribati
139,Michaella Going,18,Central African Republic
140,Marshall Gerner,50,Monaco
141,Juline Congdon,23,Fiji
142,Milena Barbour,39,Canada
143,Osborne Barefoot,41,Seychelles
144,Ogdon Hargess,32,Vietnam
145,Gale Flindall,29,Greece
146,Heida Boutton,22,Chile
147,Michelina Scoggin,23,Slovenia
148,Graig Grint,45,Spain
149,Carmine Bangs,41,Uganda
150,Dolores Pietesch,50,South Africa
151,Elnar Kingsnorth,31,American Samoa
152,Phil Tacey,18,Mozambique
153,Kore Cater,24,Costa Rica
154,Jamal Colbert,34,Saint Vincent and the Grenadines
155,Perren Ellwand,56,United Kingdom
156,Eva Whyffen,23,Saint Vincent and the Grenadines
157,Velma Goring,43,Ghana
158,Chucho Bryers,28,Spain
159,Woodie Jalland,58,Moldova
160,Sherwynd Boyne,41,Dominican Republic
161,Hamilton Iowarch,52,Malaysia
162,Roger Antonik,39,Norway
163,Timmi Skitch,60,Jordan
164,Xenia Djekic,35,France
165,Chancey Stadden,59,Gambia
166,Amandie Christofol,32,Micronesia
167,Shell Bonsul,34,Burkina Faso
168,Toinette Simond,27,Colombia
169,Merridie Elloit,41,Malta
170,Rania Youd,40,Kyrgyzstan
171,Maximilianus Jalland,52,Yemen
172,Fredericka Siemantel,18,Peru
173,Laure Brosnan,49,France
174,Leslie Henrie,18,Maldives
175,Lewes Benardette,60,Kyrgyzstan
176,Alfonso Tease,30,Ireland
177,Carlotta Clowley,24,Mexico
178,Roth Nehls,56,Cyprus
179,Jany Jollye,60,Lebanon
180,Perle Guilder,37,Philippines
181,Jolie Mottershead,59,Lesotho
182,Mercie Deniskevich,29,Tanzania
183,Aindrea Terran,56,Ghana
184,Prudence Vanns,60,Papua New Guinea
185,Flo Roscamp,39,Austria
186,Haleigh Sturt,27,Tanzania
187,Addia Mahady,18,Cameroon
188,Sarina Whyffen,40,Zambia
189,Hakeem Wharf,32,Guyana
190,Gannie Castledine,39,Central African Republic
191,Sherman Woolfitt,18,Micronesia
192,Verge Fabri,24,Haiti
193,Oby Bearn,20,Algeria
194,Coraline Braven,18,Afghanistan
195,Masha Denisovo,34,Niger
196,Nicholle Hayden,29,Cameroon
197,Rahel Elis,18,Grenada
198,Leia Shearn,37,Gambia
199,Davida Hathaway,43,Andorra
200,Milena Broomfield,24,Tonga
201,Christan Nehls,22,North Korea
202,Carlotta Gumby,36,Tuvalu
203,Lurleen Southon,37,Belize
204,Bink Durban,19,Bahrain
205,Maximilianus Hargess,18,East Timor
206,Shep Braysher,46,Papua New Guinea
207,Reinhold Kinton,29,France
208,Dacie Finlan,28,Botswana
209,Costa Craigie,36,Tunisia
210,Ruddy Henrie,33,Guinea
211,Deck Cadigan,18,Tajikistan
212,Godart Boorne,20,Iraq
213,Vanny Murley,18,American Samoa
214,Willa Ivanchikov,51,Montenegro
215,Jacquelynn Follet,32,Venezuela
216,Morena Plesing,18,United States
217,Dolly Defries,34,Paraguay
218,Herculie Witcher,27,Oman
219,Francisco Markel,50,Cook Islands
220,Josefa Voice,38,Iran
221,Elayne Reith,31,Guam
222,Marlene Nehls,35,Djibouti
223,Laughton Glasbey,24,Singapore
224,Kimmy De La Coste,44,South Africa
225,Horton Dickinson,42,Trinidad and Tobago
226,Masha Mathivet,33,Kuwait
227,Dannel Woolard,46,Antigua and Barbuda
228,Nessa Conelly,45,Maldives
229,Tan Lecount,18,Belarus
230,Alfie Skitch,21,Guinea
231,Anett Clint,60,Tunisia
232,Lydie Conduit,44,Cambodia
233,Papageno Child,42,Albania
234,Rosie Mahady,35,Saint Kitts and Nevis
235,Seka Slowgrave,37,Belarus
236,Roxie Cullivan,24,Antigua and Barbuda
237,Joly Mann,37,Czech Republic
238,Jacklyn Tawton,18,Guyana
239,Lion Fearey,18,Sri Lanka
240,Tremaine Hast,55,Pakistan
241,Leah Boles,35,Venezuela
242,Layney Scard,35,India
243,Shelagh Linklater,39,Maldives
244,Elayne Main,48,Hungary
245,Colin Bagnell,60,Albania
246,Gwen Spacie,42,Uruguay
247,Lenette Tarpey,55,Luxembourg
248,Henderson Moro,42,Venezuela
249,Jessalin Almack,52,Peru
250,Lothaire Tuftin,42,Benin
251,Hubey Blackwell,37,Honduras
252,Nelli Wetwood,51,Slovenia
253,Katrine Rasor,28,Palau
254,Gretal Spraberry,43,Andorra
255,Fanchon Markel,32,Panama
256,Nomi Lilburn,37,Bangladesh
257,Prudence Follet,25,Mongolia
258,Tobye MacSwayde,18,Brazil
259,Wilfred Quakley,23,Guatemala
260,Marisa Peirone,21,Cape Verde
261,Thadeus Attawell,57,Macedonia
262,Jens Fransson,18,Sri Lanka
263,Bernice Gamlyn,60,Vanuatu
264,Celina Greggersen,26,Kuwait
265,Randee McAline,35,Fiji
266,Bette-ann Esome,55,Peru
267,Stephani Showers,42,Armenia
268,Obediah Lidster,30,South Sudan
269,Minta Calderwood,36,Palau
270,Daniela Billson,18,Australia
271,Rosaline Petran,18,Ukraine
272,Jemie Batson,37,Puerto Rico
273,Eva Dyers,54,Belgium
274,Bryn Clowley,60,Myanmar
275,Vivyan Vayne,37,Barbados
276,Bink De Hailes,40,Aruba
277,Delores Longland,42,Sudan
278,Roseanne Morilla,53,Nigeria
279,Cymbre Muirhead,55,Bhutan
280,Katalin Cussons,34,Samoa
281,Cesare Beresford,36,Guinea
282,Dorian Sellers,18,South Africa
283,Gannie Elloit,41,Libya
284,Nessa Pearsey,33,Macedonia
285,Tomasine Wethered,47,Poland
286,Danella Poynor,40,Palestine
287,Manolo Donald,26,Cook Islands
288,Merridie Ryce,26,New Zealand
289,Lorie Chasteau,19,Bolivia
290,Ferne Spraberry,23,Belarus
291,Tiertza Rustidge,55,France
292,Drake Barbour,33,Israel
293,Hubey Schimank,41,Antigua and Barbuda
294,Del Duthie,40,Malta
295,Greer Lewcock,50,Brazil
296,Gradey Buckner,37,Somalia
297,Leela Dovington,46,Nigeria
298,Godwin Wafer,42,Estonia
299,Case De Maria,18,Malawi
300,Noel Kimbling,45,Maldives
301,Milena Czaple,54,San Marino
302,Agace Broscombe,36,Paraguay
303,Jens Dayton,22,Benin
304,Randee Pressland,33,Cyprus
305,Elia Odegaard,54,Laos
306,Rab Pistol,48,Burkina Faso
307,Benny Woodham,42,Australia
308,Currey Le Noire,52,Iceland
309,Ferne Bruhke,34,Uganda
310,Gabey Keenan,52,Czech Republic
311,Deerdre Mahood,46,Myanmar
312,Cymbre Braven,51,Moldova
313,Gabbey Towse,24,Guinea-Bissau
314,Jase Malatalant,52,Ireland
315,Annemarie Gaish,49,Rwanda
316,Briney Fellnee,52,Zimbabwe
317,Timmi Orrum,37,Panama
318,Sherwynd Millington,41,Guam
319,Coraline Gosnold,48,Solomon Islands
320,Randee Dymocke,18,Cyprus
321,Ortensia Dovington,41,India
322,Tammara Devenny,18,New Zealand
323,Valry Thorlby,38,Kuwait
324,Kipper Ewins,36,Gabon
325,Randolph Prier,33,Laos
326,Sydelle Scotts,45,Central African Republic
327,Dolly Lopes,31,Morocco
328,Renell Elnaugh,35,Albania
329,Louella Jaher,30,Oman
330,Mortie Rossander,36,El Salvador
331,Sydelle Brickhill,40,South Korea
332,Evaleen Immer,30,Monaco
333,Noellyn Gerling,22,Trinidad and Tobago
334,Jen Fleckno,59,Pakistan
335,Stacee Winders,23,Madagascar
336,Tammara Chetwin,60,India
337,Elvera Tarborn,60,Philippines
338,Karrie Allsworth,35,Nauru
339,Giffy Chittey,53,Cuba
340,Kippie Thoresby,21,Libya
341,Deck Janos,35,Argentina
342,Garvin Leport,24,Honduras
343,Vanny Darrach,50,Paraguay
344,Guilbert Telling,50,Philippines
345,Fin Sawney,54,El Salvador
346,Tomas Hayden,22,Bermuda
347,Flossie Flaherty,18,Turkey
348,Briney Cremin,40,Gabon
349,Jessalin Blazi,18,Uruguay
350,Erminia Kliesl,32,Germany
351,Ysabel Shyres,32,Thailand
352,Reinhold Brumwell,23,Libya
353,Jacquie Voice,40,Bermuda
354,Mariska Mateu,49,Iraq
355,Darrell Kinton,48,Bulgaria
356,Don Barthrop,18,Bhutan
357,Hartwell Jollye,60,France
358,Willa Tommei,60,Brazil
359,Carney Hibling,34,Canada
360,Ced Bryers,18,Nepal
361,Ennis Nabbs,35,Mauritius
362,Garvy Weatherdon,30,Vietnam
363,Doralynn Focke,18,Yemen
364,Moe Searchfield,25,Armenia
365,Bobbette Moorton,33,United Arab Emirates
366,Joachim Cockroft,18,Gabon
367,Timmi Lambrook,28,North Korea
368,Cort Hucquart,32,Equatorial Guinea
369,Flossie Vayne,33,Laos
370,Moshe Dyke,34,El Salvador
371,Pren Dundredge,18,Tunisia
372,Tomas Lackington,24,Palestine
373,Lise Siemantel,18,Cambodia
374,Packston Meadowcroft,60,Ivory Coast
375,Timothee Gerling,39,Namibia
376,Phil Pomfrey,55,Thailand
377,Clareta Deniskevich,33,Saint Lucia
378,Shell Gaish,26,Guatemala
379,Dorothea Barefoot,39,Afghanistan
380,Harmony Gascoigne,29,Botswana
381,Caria Sackey,48,South Africa
382,Gannie Renzullo,52,Burundi
383,Kerrie Drewet,37,Eritrea
384,Fidelity Woolard,18,Bosnia and Herzegovina
385,Grenville Porteous,28,Seychelles
386,Carolann Old,38,Mozambique
387,Jennifer Chasteau,23,Sudan
388,Abdel Sleet,18,Estonia
389,Mureil Kattenhorn,32,Spain
390,Randi Huot,51,Liechtenstein
391,Norene Buntain,30,Monaco
392,Halimeda Beadon,46,Yemen
393,Ethelind Mullenger,59,Cook Islands
394,Andros Jeannard,56,North Korea
395,Joly Gorini,39,Cook Islands
396,Alma McCorley,31,Switzerland
397,Carolynn Comusso,38,Pakistan
398,Whittaker Riccardo,51,Indonesia
399,Gerick Crebo,20,Benin
400,Joey Pressland,27,Democratic Republic of the Congo
401,Lauren Mottershead,39,Ghana
402,Elvera Kliesl,34,Netherlands
403,Ferne Whall,25,Kiribati
404,Kristal Muttitt,18,Tonga
405,Del Drakard,45,Monaco
406,Karrah Kopps,39,Tanzania
407,Austina Greedier,57,Georgia
408,Poul Tonn,32,Libya
409,Denis McQuirk,18,Rwanda
410,Carver Focke,39,Cyprus
411,Dotti Mussington,45,Egypt
412,Jeramey Astlatt,29,Japan
413,Carmelia McMorran,30,Zimbabwe
414,Merle Goreway,18,Poland
415,Palmer Woodhouse,29,Qatar
416,Zack Lackington,40,Cuba
417,Phillida Drewet,26,Chad
418,Rachel Wincom,59,Vanuatu
419,Clari Blackaller,50,Slovenia
420,Shep Tordoff,35,Spain
421,Casie Pead,31,Monaco
422,Brooks Lys,44,Panama
423,Oberon Gleave,21,Brazil
424,Elayne Cordrey,18,Trinidad and Tobago
425,Gerome Thoresbie,43,Mexico
426,Drusy Jaquet,18,Pakistan
427,Theresa Clemmens,46,Fiji
428,Louisette Vasyatkin,21,El Salvador
429,Fanni Gilley,18,Brazil
430,Bidget Burnyeat,36,South Africa
431,Dominique Gabbitas,18,Lithuania
432,Barron de Broke,39,Cyprus
433,Delores Poynor,18,Mexico
434,Davin Bartrap,58,Seychelles
435,Petronilla Clowley,32,Estonia
436,Devin Clemmens,18,Afghanistan
437,Concettina Jaquet,45,Hungary
438,Janel Kimbling,60,Denmark
439,Leia Skaif,48,Angola
440,Arielle Voice,60,Libya
441,Mercie Antonignetti,30,Mozambique
442,Olav Antecki,31,Malawi
443,Zack De Hailes,18,Belgium
444,Mercie Old,35,Sweden
445,Wilone Dubois,35,Oman
446,Christan De Bruijne,18,France
447,Westley Sleet,56,Italy
448,Cristabel Krysztofiak,41,Vietnam
449,Erhard Klazenga,27,Kyrgyzstan
450,Jeanette Cosslett,32,Chile
451,Davidson Bilbrooke,47,Jamaica
452,Noel McCorley,45,Ireland
453,Jennifer Fazan,43,Tonga
454,Angelina Gregolotti,47,Kenya
455,Oberon Boughtwood,18,Democratic Republic of the Congo
456,Genni Scotts,31,Iran
457,Sarina Puxley,29,São Tomé and Príncipe
458,Daron Brien,22,Costa Rica
459,Randi Keslake,45,Jordan
460,Bryn Kinton,57,Maldives
461,Fletcher Faich,28,Trinidad and Tobago
462,Haley Rumsby,29,Egypt
463,Indira Bigglestone,19,Tonga
464,Bernardina Iglesiaz,60,Malta
465,Kristy Fonzone,22,Samoa
466,Livy Delia,37,Burkina Faso
467,Brigitta Mattusov,44,Vietnam
468,Mead McElrath,18,Burkina Faso
469,Tracee Pead,60,Guatemala
470,Brendon MacGinney,38,Tuvalu
471,Bink Kinlock,18,São Tomé and Príncipe
472,Sharleen Astill,54,Papua New Guinea
473,Yurik Huot,38,Sudan
474,Clari Boles,37,Macedonia
475,Sascha Ranscombe,60,Nigeria
476,Tremaine Pomfrey,36,Maldives
477,Alonzo Andriss,60,Kazakhstan
478,Allard Priestley,34,San Marino
479,Rochelle Ringsell,18,Mali
480,Trixi Antonignetti,29,Iceland
481,Nessa Whyffen,27,Belarus
482,Elnar Sparshutt,58,Guam
483,Cortie Glasbey,39,China
484,Monti Yeldon,47,Algeria
485,Lonee Jollye,47,Denmark
486,Kissee Hardwich,32,Dominican Republic
487,Karole Gosneye,60,Cuba
488,Pren Celli,60,Moldova
489,Modesta Barthrop,43,Haiti
490,Glenine Peirone,42,Botswana
491,Reyna Astill,19,Haiti
492,Merridie Semonin,18,Tuvalu
493,Kay Dresser,58,South Korea
494,Jilly MacGinney,52,Philippines
495,Lydie O'Loughnan,34,Singapore
496,Ann Knappe,21,Tonga
497,Lucas Henrie,23,Ivory Coast
498,Patricia Cottie,43,Finland
499,Conrade Lias,26,Eritrea
500,Colver Vel,22,Andorra
501,Herculie Grigorkin,36,Myanmar
502,Tomasine Hatcher,54,United Arab Emirates
503,Tiphanie Kivelle,36,Israel
504,Perle Connah,18,Guyana
505,Timothee Callar,58,Peru
506,Ardisj Levensky,52,Guam
507,Alva Branson,20,Guyana
508,Sallyann Meadowcroft,32,Bulgaria
509,Sydelle Renard,45,Brazil
510,Dulce Lauderdale,20,East Timor
511,Kore Pierson,19,Japan
512,Amelie McNirlan,36,Romania
513,Cristabel Whyffen,38,Cyprus
514,Seka Bladesmith,32,Nicaragua
515,Bartholomeo Blakesley,18,Vanuatu
516,Bartolomeo Codling,31,Peru
517,Rainer Vedstra,21,Bulgaria
518,Gamaliel Chapelhow,29,Dominican Republic
519,Auberta Lampett,35,Bhutan
520,Fanny Wise,22,Iran
521,Beaufort Comford,29,North Korea
522,Hortensia MacNess,28,Kazakhstan
523,Titus Pilsworth,41,Afghanistan
524,Elayne Ingyon,44,Solomon Islands
525,Kikelia Cockroft,48,Chad
526,Winnah Kensall,30,Yemen
527,Genna Amber,60,Rwanda
528,Nerty McArdell,18,Israel
529,Fanny McQuirk,28,Cuba
530,Modesty Phetteplace,21,Dominica
531,Norma Hillaby,42,United Arab Emirates
532,Augustina Truswell,29,Saint Vincent and the Grenadines
533,Cazzie Dolley,38,Grenada
534,Hartwell Defries,30,Nigeria
535,Swen Carluccio,38,Finland
536,Rachel Lethley,26,Japan
537,Jacquelynn Lanfer,38,Lithuania
538,Kingsley Garces,18,Mexico
539,Venus Batham,28,Austria
540,Moises Filson,56,Slovenia
541,Flint Snedker,44,Lithuania
542,Karole Ingyon,21,South Korea
543,Sterling Biggin,42,Estonia
544,Barny Duligall,32,Kiribati
545,Leah Sarson,37,Malawi
546,Magda Ellwand,37,Czech Republic
547,Onfroi Pearce,35,Uzbekistan
548,Violet Copland,22,South Africa
549,Julio Aberchirder,47,Bangladesh
550,Myranda Askwith,60,Russia
551,Drusy Benardette,34,Marshall Islands
552,Carl Glasbey,29,United Arab Emirates
553,Collen McAsgill,39,Ivory Coast
554,Merrill Barukh,41,San Marino
555,Katine De Maria,26,China
556,Perceval Lauridsen,24,Benin
557,Gilberta Priestley,32,Tajikistan
558,Edwin Dunbar,41,Benin
559,Maren Rymmer,20,Mozambique
560,Denis Geck,43,Sudan
561,Griffie Bonsul,18,Jordan
562,Dotti Buckner,54,Japan
563,Carolann Gumby,42,Kiribati
564,Lek Brosnan,35,Lebanon
565,Elbertine Imlen,18,Bulgaria
566,Annadiana Grove,49,Turkmenistan
567,Layney Carnell,34,Zimbabwe
568,Kingsley Lathan,59,Cook Islands
569,Matthew McCaughan,60,Iceland
570,Alfonse Weblin,19,Guyana
571,Angelina Gadd,25,Italy
572,Coraline Kingsnorth,33,South Sudan
573,Zorine Kintzel,49,Bhutan
574,Sterling Archbold,20,Kyrgyzstan
575,Rab Moxom,34,Botswana
576,Darrell Sackey,19,South Africa
577,Dane Fearey,36,Cuba
578,Jamaal Townes,37,China
579,Lari Hamper,60,Malawi
580,Lester Aikin,36,Fiji
581,Megan Lepoidevin,22,Mali
582,Rainer Kibbee,47,Solomon Islands
583,William Burn,40,India
584,Manolo Canner,43,Luxembourg
585,Hurleigh Aleevy,42,Tuvalu
586,Judie Huxter,51,Senegal
587,Sharleen Blofield,60,Laos
588,Dannye Kibbee,18,Iran
589,Oberon Perin,39,North Korea
590,Don Brickhill,30,Belize
591,Adelle Ximenez,18,Grenada
592,Papageno Goring,60,Democratic Republic of the Congo
593,Lonee Francis,39,Philippines
594,Megan Berriball,46,Togo
595,Kerrie Blazi,40,Qatar
596,Jilly Deniskevich,49,Latvia
597,Dane Flindall,20,Cook Islands
598,Eva Stoney,30,Afghanistan
599,Hesther Klazenga,48,San Marino
600,Jakie Elstob,27,Rwanda
601,Russell Dowry,47,Kyrgyzstan
602,Beverlee Goring,38,Mauritius
603,Agace Hasson,18,Syria
604,Dannel Sheere,31,Sierra Leone
605,Pavlov MacSwayde,53,Uzbekistan
606,Galven Colbert,18,Myanmar
607,Constantine Ximenez,30,Equatorial Guinea
608,Jesus Stockings,49,Bahamas
609,Audrie Bruhke,42,Mauritania
610,Hatty Drakard,34,France
611,Fawnia Malamore,18,Niger
612,Fabe Sewell,33,Cuba
613,Gunner Alves,18,Grenada
614,Janel Hargess,51,Comoros
615,Rab Glasbey,48,Italy
616,Lenette Fuke,47,Sierra Leone
617,Abdel Phlippi,29,Germany
618,Doralynn Stearne,22,Romania
619,Delores Gilley,18,Solomon Islands
620,Vi Jeram,60,Lesotho
621,Lammond Rippin,32,Paraguay
622,Louisette Codling,22,Colombia
623,Minda Feeney,34,South Sudan
624,Karole Ennion,33,Eritrea
625,Dorree Dyers,18,Slovenia
626,Dyanne Merriment,18,Togo
627,Mada Quarry,44,Liberia
628,Hedwiga Hovell,60,Marshall Islands
629,Whittaker Antonopoulos,33,Portugal
630,Nathanial Esselen,35,Namibia
631,Currey Reith,18,Georgia
632,Flossie Schurcke,34,Sudan
633,Galven Mateu,27,Czech Republic
634,Ysabel Cocking,49,Samoa
635,Alessandra Pearce,48,Finland
636,Savina Lopes,26,Pakistan
637,Celestyn Scrivner,33,Togo
638,Darnell O'Caine,34,Bahrain
639,Daniela Westcot,42,Greece
640,Dannel Crebo,18,Uruguay
641,Patricia Gleave,32,Bangladesh
642,Ruprecht Jalland,59,Andorra
643,Cortie Carnock,45,Saint Vincent and the Grenadines
644,Shay Kingsnorth,18,Bosnia and Herzegovina
645,Merridie Grint,53,Switzerland
646,Osborne Bladesmith,18,Maldives
647,Deck Feldbau,18,France
648,Austina Drewet,27,Kuwait
649,Myriam Beilby,52,Kuwait
650,Lucas McKag,60,Cook Islands
651,Bobbette Siemantel,31,Monaco
652,Hortensia Odegaard,33,Austria
653,Jemie Bassingden,35,Kuwait
654,Marlene Scafe,23,Guinea
655,Roselia Mann,52,Thailand
656,Delia Slowgrave,32,Gambia
657,Papageno Hayden,40,Cook Islands
658,Valry Bariball,60,Albania
659,Charita Slowgrave,18,Guinea-Bissau
660,Whitaker Dogg,43,Cambodia
661,Jules Burnand,46,Botswana
662,Sid Lathan,56,Estonia
663,Alanna Digby,26,Comoros
664,Bamby Craigie,45,Brunei
665,Stacy Lerwill,18,Lebanon
666,Jen Garces,31,Andorra
667,Lolly Skeates,45,Cuba
668,Carney Yetton,41,United Kingdom
669,Rudyard Sprules,43,Marshall Islands
670,Juline Rummery,45,Cook Islands
671,Honey Lynagh,27,Nicaragua
672,Audrie Iacovaccio,18,Belarus
673,Herculie Perillo,35,Namibia
674,Noellyn Dollar,43,Georgia
675,Bell Barsam,39,Angola
676,Myer Shawley,38,Angola
677,Josefa Penniell,54,Nauru
678,Cordi Demonge,47,Thailand
679,Glori Rymmer,42,Djibouti
680,Ame Dovington,53,Botswana
681,Elbertine O'Monahan,22,Lesotho
682,Dominick Vogeler,31,Tuvalu
683,Blanch Gascoigne,20,Nigeria
684,Charla Bladesmith,28,Croatia
685,Alva Towndrow,56,Azerbaijan
686,Sherwynd De Maria,30,Rwanda
687,Valentijn Ong,31,Cyprus
688,Palmer Grube,46,Belarus
689,Mireille Yetton,59,Cyprus
690,Fay Henkens,55,Bhutan
691,Elizabeth Rubinow,35,Brazil
692,Myranda Inworth,36,Zimbabwe
693,Ariel Clint,31,Cayman Islands
694,Dorrie Henrie,39,Sweden
695,Monti Spong,30,Poland
696,Cobb De Bruijne,18,Bangladesh
697,Haskel Copland,32,Sri Lanka
698,Ennis Dowry,31,Bahamas
699,Yoko Broscombe,60,Panama
700,Deirdre McAline,33,Saudi Arabia
701,Marla Waddington,22,North Korea
702,Marlene Lauderdale,20,Vietnam
703,Jamaal Kupis,24,Albania
704,Felicia Kibbee,47,Chile
705,Erhard Quarrington,35,Cuba
706,Abdel Slimmon,29,Jamaica
707,Perren Blunsum,28,Mexico
708,Jade Brimson,44,Slovenia
709,Jaquenetta Clint,44,Tuvalu
710,Dannye Moro,43,Ukraine
711,Russell Fonzone,26,Senegal
712,Marne Renzullo,34,New Zealand
713,Nathan Towndrow,38,Kiribati
714,Fawnia Prout,21,Liberia
715,Grantley Harme,18,Poland
716,Lloyd Leach,18,Georgia
717,Oberon Bellini,57,Peru
718,Palmer Billson,47,Aruba
719,Reena Rowledge,46,Bhutan
720,Atlanta Grigoletti,18,Switzerland
721,Virgie Tinline,39,Dominica
722,Lolly Swalowe,25,Philippines
723,Ariel Hamper,37,Thailand
724,Fidelity Bassilashvili,51,Croatia
725,Kat Ingyon,43,Palau
726,Nina Astlatt,24,Andorra
727,Willie Barthrop,49,Seychelles
728,Hortensia Hardwich,34,Niger
729,Timothy Towndrow,46,Aruba
730,Quincy McFade,18,Serbia
731,Mallory Rowledge,31,China
732,Rhona Bayman,50,Bulgaria
733,Thornie Cullivan,40,Somalia
734,Tammara Sherratt,18,Mongolia
735,Sashenka Ashford,42,Rwanda
736,Ottilie Wethered,59,Lithuania
737,Binni King,32,Samoa
738,Kristy Batson,18,Croatia
739,Briney De Bruijne,60,Slovakia
740,Thatcher Hackforth,51,Lithuania
741,Emilio Karsh,37,Nigeria
742,Sabrina Geeritz,36,India
743,Hasheem Whall,37,Australia
744,Hurleigh Sandercock,48,Guyana
745,Udall Kopps,32,Greece
746,Isabeau Linkin,18,Eritrea
747,Salmon Rhys,20,Guinea
748,Arlena Pickerin,18,Chad
749,Gerik Karsh,40,Moldova
750,Jen Alves,38,Slovenia
751,Shell Andriss,18,Mauritania
752,Dorian Hucquart,44,Czech Republic
753,Andros Clowley,20,El Salvador
754,Gilberta McQuirk,59,Papua New Guinea
755,Charmion Moorman,40,Ukraine
756,Mollee Bearn,29,United Kingdom
757,Evanne Woodfin,44,Norway
758,Brittaney Kattenhorn,58,Cape Verde
759,Rani Almack,28,South Africa
760,Dynah Riden,28,Argentina
761,Sheeree Bulfoot,56,South Korea
762,Haven Siward,26,Bolivia
763,Ogdon Harme,21,Croatia
764,Petronilla Sebley,34,China
765,Gabriello Elwill,34,Chile
766,Corinna Yetton,56,Nigeria
767,Brigitta Hayden,35,Algeria
768,Holli Elegood,41,Serbia
769,Rodrigo Khrishtafovich,36,Ireland
770,Dedie Dzeniskevich,39,Slovenia
771,Layney Grigoletti,36,Tonga
772,Annemarie Ellit,45,Libya
773,Isabeau Dyte,22,Pakistan
774,Hurleigh Crosier,39,Cyprus
775,Jessi Safell,27,Iraq
776,Devonne Spacie,52,Brunei
777,Padriac Astill,60,India
778,Juline Garces,39,Czech Republic
779,Raine Tordoff,55,Tanzania
780,Deirdre Crain,49,Palestine
781,Gerome Leivesley,31,Sierra Leone
782,Flint Harbertson,41,France
783,Cobb Batham,18,Hong Kong
784,Lloyd Kahler,35,Lesotho
785,Giffy Quakley,18,Monaco
786,Ivar Spolton,60,Democratic Republic of the Congo
787,Karylin Boughtwood,43,Panama
788,Kristine Lacky,18,Palestine
789,Rudyard Esselen,60,Colombia
790,Avis Ardern,30,Colombia
791,Constancia Lamkin,35,Cook Islands
792,Rinaldo Youd,18,Norway
793,Randee Casone,22,Bhutan
794,Dell Rolfo,60,Luxembourg
795,Rahel de Courcey,55,Senegal
796,Germayne Cammacke,60,Macedonia
797,Ferne Khristoforov,51,Sierra Leone
798,Nerty Kintzel,20,Nicaragua
799,Blythe Colliss,26,Guinea
800,Blythe Reith,18,Andorra
801,Paxon Duncan,59,Sierra Leone
802,Rowe de Broke,33,Gambia
803,Hortensia Hurdedge,51,Bosnia and Herzegovina
804,Jemie Behn,60,Mauritius
805,Yule Fauning,31,France
806,Nomi Ikringill,58,Finland
807,Beverlee Salvador,18,Ukraine
808,Tonnie Quakley,32,Yemen
809,Colin Pymm,48,Palau
810,Fanni Vondra,34,Puerto Rico
811,Mariel Bigglestone,18,Mongolia
812,Bellina McGill,18,India
813,Jon Almack,26,Benin
814,Stacy Bagg,42,Algeria
815,Dunn O'Donovan,56,Macedonia
816,Padriac Elwill,18,Italy
817,Dunn Schurcke,28,Jordan
818,Sharleen Bangs,18,Marshall Islands
819,Lenette Jaime,45,Burundi
820,Roanna Cullinan,48,Guatemala
821,Lorie Brien,53,Iran
822,Jacklin Greggersen,36,East Timor
823,Daron Inworth,35,Somalia
824,Jolie Christofol,46,Djibouti
825,Elga Kopps,52,Serbia
826,Catharina Searson,54,Guinea
827,Tirrell Canner,27,Bahrain
828,Stevy Sapson,25,Costa Rica
829,Lek Wheelton,35,Seychelles
830,Dorian Westcot,31,United States
831,Moises Cadigan,19,Ethiopia
832,Kelcey Dunthorn,26,Egypt
833,Garvy Poynor,18,Iran
834,Mariska Crellim,21,Moldova
835,Grenville Suttie,25,Burkina Faso
836,Dynah Powlett,34,Croatia
837,Herculie Trouncer,31,Zimbabwe
838,Agace Gurwood,43,Togo
839,Rodrick Towse,47,Qatar
840,Adelle Boles,31,Tanzania
841,Hillary Rasor,30,Madagascar
842,Myranda Marriage,29,Liechtenstein
843,Lorant Pennigar,26,Hungary
844,Kevyn Jalland,44,Oman
845,Brooks Heathfield,20,Bhutan
846,Deane Braysher,30,Indonesia
847,Vivyan Phillis,38,Syria
848,Tomasine Aikin,43,Namibia
849,Mala Plesing,37,Trinidad and Tobago
850,Sascha Cosham,60,Saudi Arabia
851,Kayla Willshear,60,East Timor
852,Jamaal Gittings,40,San Marino
853,Gabey Gregolotti,49,Uruguay
854,Whittaker Pilsworth,34,Nauru
855,Gwen Rait,52,Kazakhstan
856,Bridget Barfoot,45,Russia
857,Giacomo Khristoforov,60,Cambodia
858,Perren Connah,40,Mauritania
859,Haywood O'Donovan,22,Mali
860,Arluene Leach,43,Rwanda
861,Kelcey Priestley,37,Saint Vincent and the Grenadines
862,Daffy Lerwill,18,Moldova
863,Kaitlyn Pargent,55,Tonga
864,Esra Clardge,26,Finland
865,Beaufort Titta,29,Bahamas
866,Madel Ayerst,18,Sri Lanka
867,Glendon O'Donovan,31,Maldives
868,Tamar Mahood,40,Samoa
869,Fletcher Lambert-Ciorwyn,25,Saudi Arabia
870,Fredericka Antonutti,43,Palestine
871,Randolph Crebo,31,Australia
872,Kristy King,30,Honduras
873,Dorothea Truswell,23,Kuwait
874,Tiphanie Smallwood,22,Ghana
875,Lloyd Elwill,52,Czech Republic
876,Corney Puxley,18,Indonesia
877,Bink Shobbrook,45,Armenia
878,Eydie Brooksbie,43,São Tomé and Príncipe
879,Amelie Gatecliffe,22,Libya
880,Eddie Sandeland,48,Peru
881,Valry Sollom,60,Vatican City
882,Del Mullenger,27,Luxembourg
883,Lynnell Barsam,18,Lebanon
884,Jude Woodfin,18,Laos
885,Corney Monteaux,40,Tunisia
886,Garvin Gaish,60,Malawi
887,Angel Ranscombe,24,East Timor
888,Garvy Priestley,20,Cape Verde
889,Sharla Hansed,39,Seychelles
890,Cortie Fray,18,Poland
891,Corney Dockree,18,Bulgaria
892,Filippo Lanfer,60,Vatican City
893,Austina Skitch,53,Tuvalu
894,Clareta Ellick,52,Togo
895,Ilse Ong,54,Iraq
896,Wendell Markel,18,Equatorial Guinea
897,Matthew Howlett,28,Indonesia
898,Sherrie Tows,33,Liechtenstein
899,Grethel Comford,21,Bosnia and Herzegovina
900,Lenette MacSporran,18,Albania
901,Meredeth Fransson,47,Netherlands
902,Terence Shawley,18,Eritrea
903,Stefano Whyffen,26,Cape Verde
904,Ina Astill,49,Guam
905,Gerick Fenge,23,Antigua and Barbuda
906,Yoko Heathcott,19,Palau
907,Blondell Rossander,18,Zambia
908,Cherry Cammacke,40,Tuvalu
909,Dulce Moynihan,30,Paraguay
910,Sax Chapelhow,28,Haiti
911,Sarge Gilbody,33,Japan
912,Mead Blofield,39,Eritrea
913,Alma Lynagh,46,Madagascar
914,Shep Dowty,41,Trinidad and Tobago
915,Jorry Roscamp,33,Iceland
916,Pavlov Hindenburg,25,Canada
917,Truman Hovell,25,Bermuda
918,Tiertza Van Eeden,45,Kuwait
919,Kandace Harme,32,Maldives
920,Dynah Rasor,18,Nepal
921,Pavlov Antecki,46,Sri Lanka
922,Hesther Bramhall,35,Portugal
923,Almeta Danett,60,Brazil
924,Kayla Kellard,33,Norway
925,Ellie Bullcock,37,Djibouti
926,Stacy Thorlby,47,Vietnam
927,Fidelity Kopps,33,Kazakhstan
928,Drusy Rickasse,20,Uruguay
929,Grethel Porteous,34,Australia
930,Cynde Goring,18,Hungary
931,Woodie Wybron,37,Kenya
932,Thornton Khrishtafovich,52,Panama
933,Indira Spurden,43,Namibia
934,Eydie Evreux,18,Liechtenstein
935,Moshe Kensall,20,Cyprus
936,Helena Hardern,47,Bolivia
937,Conrade Thoresbie,33,Chad
938,Trixi Pellamont,35,Thailand
939,Maegan Deniskevich,40,American Samoa
940,Perceval O'Caine,32,Seychelles
941,Rheba Jeannin,40,Burkina Faso
942,Sharleen Baiss,28,Egypt
943,Fidelity Divis,29,Singapore
944,Kariotta Huxter,56,Somalia
945,Winnah Crebo,18,Malaysia
946,Karissa Sprules,25,Puerto Rico
947,Fin Densham,35,Eritrea
948,Katheryn Junkin,42,Austria
949,Brocky Fuggle,18,Switzerland
950,Arluene Stebbings,60,Trinidad and Tobago
951,Elias Crebo,35,Lesotho
952,Haven Luck,34,Niger
953,Shoshanna Gadd,41,Burkina Faso
954,Minta Suthren,18,Australia
955,Eddie Grichukhin,25,Mozambique
956,Cynde Wharf,45,Palestine
957,Harmonia Bariball,30,South Sudan
958,Flss Pickerin,18,Albania
959,Feliks Costigan,20,Israel
960,Rudyard Berriball,44,Spain
961,Mead Durban,40,Indonesia
962,Emilio Winwright,24,Iran
963,Shoshanna Cunningham,23,Zambia
964,Karissa Dollar,46,Guyana
965,Brok Renzullo,18,Qatar
966,Kimmy Wheelband,41,Jordan
967,Theresa Wharf,24,Vanuatu
968,Lorie Buckner,41,Mozambique
969,Ashli Casone,38,Namibia
970,Ethelind Landall,28,Saint Vincent and the Grenadines
971,Peyter Fabri,56,Marshall Islands
972,Seka Gandy,34,Nigeria
973,Analise Gilfether,51,Kiribati
974,Russell Moro,49,Cape Verde
975,Sherye Bickford,21,Chile
976,Seka Batson,28,Haiti
977,Brittaney Rymmer,45,Sri Lanka
978,Bertrando Trouncer,20,Italy
979,Gavin Riden,37,Vietnam
980,Vanny Dulwich,34,Moldova
981,Dannel Weblin,38,Honduras
982,Bert Woodham,45,Tanzania
983,Garvy Sprules,44,Barbados
984,Barron De Hailes,60,Saint Lucia
985,Peggie Swalowe,25,Cuba
986,Mortie Norree,60,Belgium
987,Elvera Greedier,60,Chad
988,Ervin Bickford,23,Bangladesh
989,Tracee Gorrissen,60,Estonia
990,Erminia Ellerby,23,Qatar
991,Carmine Pilsbury,23,Germany
992,Binni Recher,31,Qatar
993,Boonie Pead,42,Senegal
994,Alessandra Braven,31,Ireland
995,Luke Rhys,29,Bhutan
996,Milena Rubinow,29,Saint Lucia
997,Mohammed Crehan,37,Saint Kitts and Nevis
998,Palm Paiton,58,Cook Islands
999,Molly Biffin,37,Brunei
1000,Jill Perillo,38,Guam
1001,Cordi Bachelar,43,Portugal
1002,Daffy Waddington,31,Brazil
1003,Rhona Brooksbie,19,Somalia
1004,Marcelia Branson,21,Kazakhstan
1005,Rodrigo Lidster,60,Brunei
1006,Adelina Robertz,26,Cameroon
1007,Dorian Beadon,35,Malta
1008,Bink Dyers,56,Slovenia
1009,Deirdre Sawney,18,British Virgin Islands
1010,Tremaine Leivesley,18,Poland
1011,Dru Bellini,45,Bangladesh
1012,Meryl Cordelet,19,Guyana
1013,Danella Sunnucks,18,Mongolia
1014,Oby Southon,23,Brunei
1015,Sutherlan Philippon,18,Uzbekistan
1016,Querida Garriock,18,Georgia
1017,Kingsley Eberst,35,Lebanon
1018,Nessie Kilkenny,35,San Marino
1019,Evanne Lauderdale,25,Mali
1020,Ervin Youd,28,Burkina Faso
1021,Forster Antonik,18,São Tomé and Príncipe
1022,Candra Wafer,55,Jamaica
1023,Jesus Crebo,56,Austria
